{
  "token_acc":1.0,
  "token_p":1.0,
  "token_r":1.0,
  "token_f":1.0,
  "tag_acc":null,
  "sents_p":null,
  "sents_r":null,
  "sents_f":null,
  "dep_uas":null,
  "dep_las":null,
  "dep_las_per_type":null,
  "pos_acc":null,
  "morph_acc":null,
  "morph_micro_p":null,
  "morph_micro_r":null,
  "morph_micro_f":null,
  "morph_per_feat":null,
  "lemma_acc":null,
  "ents_p":0.4036144578,
  "ents_r":0.3101851852,
  "ents_f":0.3507853403,
  "ents_per_type":{
    "Datetime":{
      "p":0.9705882353,
      "r":1.0,
      "f":0.9850746269
    },
    "Location":{
      "p":0.3333333333,
      "r":0.3636363636,
      "f":0.347826087
    },
    "Cause":{
      "p":0.2222222222,
      "r":0.1212121212,
      "f":0.1568627451
    },
    "Attribute":{
      "p":0.3404255319,
      "r":0.2909090909,
      "f":0.3137254902
    },
    "Activity":{
      "p":0.1176470588,
      "r":0.0689655172,
      "f":0.0869565217
    },
    "Event":{
      "p":0.2105263158,
      "r":0.1454545455,
      "f":0.1720430108
    }
  },
  "speed":6395.3655541948
}