{
  "token_acc":1.0,
  "token_p":1.0,
  "token_r":1.0,
  "token_f":1.0,
  "tag_acc":null,
  "sents_p":null,
  "sents_r":null,
  "sents_f":null,
  "dep_uas":null,
  "dep_las":null,
  "dep_las_per_type":null,
  "pos_acc":null,
  "morph_acc":null,
  "morph_micro_p":null,
  "morph_micro_r":null,
  "morph_micro_f":null,
  "morph_per_feat":null,
  "lemma_acc":null,
  "ents_p":0.4025974026,
  "ents_r":0.287037037,
  "ents_f":0.3351351351,
  "ents_per_type":{
    "Datetime":{
      "p":0.9705882353,
      "r":1.0,
      "f":0.9850746269
    },
    "Activity":{
      "p":0.1,
      "r":0.0344827586,
      "f":0.0512820513
    },
    "Cause":{
      "p":0.125,
      "r":0.0606060606,
      "f":0.0816326531
    },
    "Attribute":{
      "p":0.2941176471,
      "r":0.2727272727,
      "f":0.2830188679
    },
    "Location":{
      "p":0.4,
      "r":0.3636363636,
      "f":0.380952381
    },
    "Event":{
      "p":0.2121212121,
      "r":0.1272727273,
      "f":0.1590909091
    }
  },
  "speed":6891.6195329191
}